timestamp,edge_node,edge_node_location,provider,bytes,user_id,user_location,execution_time,subarea
289.96353591515555,0,"(837, 224)",rorukbhtktwszfsvhnesbebjpzajrvdy,84988,3,"(17, 351)",1240,
290.50828298260535,0,"(837, 224)",rorukbhtktwszfsvhnesbebjpzajrvdy,66752,2,"(309, 513)",779,
397.27324679543574,0,"(837, 224)",rorukbhtktwszfsvhnesbebjpzajrvdy,73419,0,"(285, 875)",839,
591.4803784787579,0,"(837, 224)",rorukbhtktwszfsvhnesbebjpzajrvdy,66752,2,"(309, 513)",779,
595.3044823495122,0,"(837, 224)",rorukbhtktwszfsvhnesbebjpzajrvdy,74051,4,"(74, 92)",2081,
651.3320659286236,0,"(837, 224)",rorukbhtktwszfsvhnesbebjpzajrvdy,75591,1,"(600, 797)",843,
661.7131281978421,0,"(837, 224)",rorukbhtktwszfsvhnesbebjpzajrvdy,84988,3,"(17, 351)",1240,
797.5804305277023,0,"(837, 224)",rorukbhtktwszfsvhnesbebjpzajrvdy,75205,6,"(546, 24)",750,
813.4167001113894,0,"(837, 224)",rorukbhtktwszfsvhnesbebjpzajrvdy,73419,0,"(285, 875)",839,
912.8337068400906,0,"(837, 224)",rorukbhtktwszfsvhnesbebjpzajrvdy,73793,5,"(906, 695)",796,
915.2300399338743,0,"(837, 224)",rorukbhtktwszfsvhnesbebjpzajrvdy,66752,2,"(309, 513)",779,
980.0080332975235,0,"(837, 224)",rorukbhtktwszfsvhnesbebjpzajrvdy,84988,3,"(17, 351)",1240,
1224.436981710227,0,"(837, 224)",rorukbhtktwszfsvhnesbebjpzajrvdy,73419,0,"(285, 875)",839,
1244.36418896275,0,"(837, 224)",rorukbhtktwszfsvhnesbebjpzajrvdy,66752,2,"(309, 513)",779,
1262.8664725820329,0,"(837, 224)",rorukbhtktwszfsvhnesbebjpzajrvdy,74051,4,"(74, 92)",2081,
1284.1125381109223,0,"(837, 224)",rorukbhtktwszfsvhnesbebjpzajrvdy,84988,3,"(17, 351)",1240,
1314.952108557831,0,"(837, 224)",rorukbhtktwszfsvhnesbebjpzajrvdy,75591,1,"(600, 797)",843,
1520.6553310655838,0,"(837, 224)",rorukbhtktwszfsvhnesbebjpzajrvdy,66752,2,"(309, 513)",779,
1551.512839562221,0,"(837, 224)",rorukbhtktwszfsvhnesbebjpzajrvdy,84988,3,"(17, 351)",1240,
1585.7271684806287,0,"(837, 224)",rorukbhtktwszfsvhnesbebjpzajrvdy,73419,0,"(285, 875)",839,
1792.5609306029692,0,"(837, 224)",rorukbhtktwszfsvhnesbebjpzajrvdy,73793,5,"(906, 695)",796,
1827.3085935892295,0,"(837, 224)",rorukbhtktwszfsvhnesbebjpzajrvdy,75205,6,"(546, 24)",750,
1856.2549529786775,0,"(837, 224)",rorukbhtktwszfsvhnesbebjpzajrvdy,66752,2,"(309, 513)",779,
1860.907043366058,0,"(837, 224)",rorukbhtktwszfsvhnesbebjpzajrvdy,74051,4,"(74, 92)",2081,
1869.1479198207305,0,"(837, 224)",rorukbhtktwszfsvhnesbebjpzajrvdy,84988,3,"(17, 351)",1240,
1897.16797138713,0,"(837, 224)",rorukbhtktwszfsvhnesbebjpzajrvdy,73419,0,"(285, 875)",839,
2056.216788962318,0,"(837, 224)",rorukbhtktwszfsvhnesbebjpzajrvdy,75591,1,"(600, 797)",843,
2182.628683559057,0,"(837, 224)",rorukbhtktwszfsvhnesbebjpzajrvdy,66752,2,"(309, 513)",779,
2221.755601958548,0,"(837, 224)",rorukbhtktwszfsvhnesbebjpzajrvdy,84988,3,"(17, 351)",1240,
2283.985596359057,0,"(837, 224)",rorukbhtktwszfsvhnesbebjpzajrvdy,73419,0,"(285, 875)",839,
2505.4711300623926,0,"(837, 224)",rorukbhtktwszfsvhnesbebjpzajrvdy,66752,2,"(309, 513)",779,
2517.852074818128,0,"(837, 224)",rorukbhtktwszfsvhnesbebjpzajrvdy,74051,4,"(74, 92)",2081,
2565.3910355742564,0,"(837, 224)",rorukbhtktwszfsvhnesbebjpzajrvdy,84988,3,"(17, 351)",1240,
2680.3713115417827,0,"(837, 224)",rorukbhtktwszfsvhnesbebjpzajrvdy,73419,0,"(285, 875)",839,
2705.203813288176,0,"(837, 224)",rorukbhtktwszfsvhnesbebjpzajrvdy,75591,1,"(600, 797)",843,
2749.9940716046285,0,"(837, 224)",rorukbhtktwszfsvhnesbebjpzajrvdy,75205,6,"(546, 24)",750,
2815.024131500488,0,"(837, 224)",rorukbhtktwszfsvhnesbebjpzajrvdy,73793,5,"(906, 695)",796,
2824.0594209588826,0,"(837, 224)",rorukbhtktwszfsvhnesbebjpzajrvdy,66752,2,"(309, 513)",779,
2912.910870472378,0,"(837, 224)",rorukbhtktwszfsvhnesbebjpzajrvdy,84988,3,"(17, 351)",1240,
3066.892532890608,0,"(837, 224)",rorukbhtktwszfsvhnesbebjpzajrvdy,74051,4,"(74, 92)",2081,
3072.165066977367,0,"(837, 224)",rorukbhtktwszfsvhnesbebjpzajrvdy,66752,2,"(309, 513)",779,
3109.8805700566336,0,"(837, 224)",rorukbhtktwszfsvhnesbebjpzajrvdy,73419,0,"(285, 875)",839,
3168.710313942035,0,"(837, 224)",rorukbhtktwszfsvhnesbebjpzajrvdy,84988,3,"(17, 351)",1240,
3310.181441304075,0,"(837, 224)",rorukbhtktwszfsvhnesbebjpzajrvdy,75591,1,"(600, 797)",843,
3352.856123897953,0,"(837, 224)",rorukbhtktwszfsvhnesbebjpzajrvdy,66752,2,"(309, 513)",779,
3472.122485214069,0,"(837, 224)",rorukbhtktwszfsvhnesbebjpzajrvdy,73419,0,"(285, 875)",839,
3488.205650835286,0,"(837, 224)",rorukbhtktwszfsvhnesbebjpzajrvdy,84988,3,"(17, 351)",1240,
3545.6698567348876,0,"(837, 224)",rorukbhtktwszfsvhnesbebjpzajrvdy,75205,6,"(546, 24)",750,
3622.2317610870005,0,"(837, 224)",rorukbhtktwszfsvhnesbebjpzajrvdy,74051,4,"(74, 92)",2081,
3653.5159278197725,0,"(837, 224)",rorukbhtktwszfsvhnesbebjpzajrvdy,66752,2,"(309, 513)",779,
3765.3955031799255,0,"(837, 224)",rorukbhtktwszfsvhnesbebjpzajrvdy,73793,5,"(906, 695)",796,
3796.3743621069334,0,"(837, 224)",rorukbhtktwszfsvhnesbebjpzajrvdy,73419,0,"(285, 875)",839,
3855.513992547798,0,"(837, 224)",rorukbhtktwszfsvhnesbebjpzajrvdy,84988,3,"(17, 351)",1240,
3957.1875263523993,0,"(837, 224)",rorukbhtktwszfsvhnesbebjpzajrvdy,75591,1,"(600, 797)",843,
3985.724455946948,0,"(837, 224)",rorukbhtktwszfsvhnesbebjpzajrvdy,66752,2,"(309, 513)",779,
4198.882611925826,0,"(837, 224)",rorukbhtktwszfsvhnesbebjpzajrvdy,84988,3,"(17, 351)",1240,
4215.31907764413,0,"(837, 224)",rorukbhtktwszfsvhnesbebjpzajrvdy,73419,0,"(285, 875)",839,
4253.411993386466,0,"(837, 224)",rorukbhtktwszfsvhnesbebjpzajrvdy,75205,6,"(546, 24)",750,
4262.984980061239,0,"(837, 224)",rorukbhtktwszfsvhnesbebjpzajrvdy,66752,2,"(309, 513)",779,
4281.910182218439,0,"(837, 224)",rorukbhtktwszfsvhnesbebjpzajrvdy,74051,4,"(74, 92)",2081,
4514.492548810327,0,"(837, 224)",rorukbhtktwszfsvhnesbebjpzajrvdy,84988,3,"(17, 351)",1240,
4536.127014910399,0,"(837, 224)",rorukbhtktwszfsvhnesbebjpzajrvdy,66752,2,"(309, 513)",779,
4653.943790580423,0,"(837, 224)",rorukbhtktwszfsvhnesbebjpzajrvdy,73419,0,"(285, 875)",839,
4668.5222568703575,0,"(837, 224)",rorukbhtktwszfsvhnesbebjpzajrvdy,75591,1,"(600, 797)",843,
4679.412632595013,0,"(837, 224)",rorukbhtktwszfsvhnesbebjpzajrvdy,73793,5,"(906, 695)",796,
4813.947270668417,0,"(837, 224)",rorukbhtktwszfsvhnesbebjpzajrvdy,84988,3,"(17, 351)",1240,
4825.632906486795,0,"(837, 224)",rorukbhtktwszfsvhnesbebjpzajrvdy,66752,2,"(309, 513)",779,
4932.649044265486,0,"(837, 224)",rorukbhtktwszfsvhnesbebjpzajrvdy,74051,4,"(74, 92)",2081,
5068.450667821571,0,"(837, 224)",rorukbhtktwszfsvhnesbebjpzajrvdy,73419,0,"(285, 875)",839,
5130.680606780931,0,"(837, 224)",rorukbhtktwszfsvhnesbebjpzajrvdy,84988,3,"(17, 351)",1240,
5169.911777388461,0,"(837, 224)",rorukbhtktwszfsvhnesbebjpzajrvdy,66752,2,"(309, 513)",779,
5218.402357421397,0,"(837, 224)",rorukbhtktwszfsvhnesbebjpzajrvdy,75205,6,"(546, 24)",750,
5306.309346176463,0,"(837, 224)",rorukbhtktwszfsvhnesbebjpzajrvdy,75591,1,"(600, 797)",843,
5460.896314611487,0,"(837, 224)",rorukbhtktwszfsvhnesbebjpzajrvdy,73419,0,"(285, 875)",839,
5466.053793339755,0,"(837, 224)",rorukbhtktwszfsvhnesbebjpzajrvdy,84988,3,"(17, 351)",1240,
5474.712193013503,0,"(837, 224)",rorukbhtktwszfsvhnesbebjpzajrvdy,66752,2,"(309, 513)",779,
5508.081840269875,0,"(837, 224)",rorukbhtktwszfsvhnesbebjpzajrvdy,73793,5,"(906, 695)",796,
5531.428579121566,0,"(837, 224)",rorukbhtktwszfsvhnesbebjpzajrvdy,74051,4,"(74, 92)",2081,
5768.403418389223,0,"(837, 224)",rorukbhtktwszfsvhnesbebjpzajrvdy,66752,2,"(309, 513)",779,
5790.944922073223,0,"(837, 224)",rorukbhtktwszfsvhnesbebjpzajrvdy,84988,3,"(17, 351)",1240,
5793.4552367128435,0,"(837, 224)",rorukbhtktwszfsvhnesbebjpzajrvdy,73419,0,"(285, 875)",839,
5973.806711288174,0,"(837, 224)",rorukbhtktwszfsvhnesbebjpzajrvdy,75591,1,"(600, 797)",843,
6017.632852178423,0,"(837, 224)",rorukbhtktwszfsvhnesbebjpzajrvdy,66752,2,"(309, 513)",779,
6069.840153983267,0,"(837, 224)",rorukbhtktwszfsvhnesbebjpzajrvdy,74051,4,"(74, 92)",2081,
6089.591102063959,0,"(837, 224)",rorukbhtktwszfsvhnesbebjpzajrvdy,75205,6,"(546, 24)",750,
6112.889124568745,0,"(837, 224)",rorukbhtktwszfsvhnesbebjpzajrvdy,84988,3,"(17, 351)",1240,
6187.565999819849,0,"(837, 224)",rorukbhtktwszfsvhnesbebjpzajrvdy,73419,0,"(285, 875)",839,
6298.9973208423635,0,"(837, 224)",rorukbhtktwszfsvhnesbebjpzajrvdy,66752,2,"(309, 513)",779,
6377.636868821646,0,"(837, 224)",rorukbhtktwszfsvhnesbebjpzajrvdy,84988,3,"(17, 351)",1240,
6401.2306685675585,0,"(837, 224)",rorukbhtktwszfsvhnesbebjpzajrvdy,73793,5,"(906, 695)",796,
6527.473818178121,0,"(837, 224)",rorukbhtktwszfsvhnesbebjpzajrvdy,75591,1,"(600, 797)",843,
6563.968277470871,0,"(837, 224)",rorukbhtktwszfsvhnesbebjpzajrvdy,73419,0,"(285, 875)",839,
6629.778233880749,0,"(837, 224)",rorukbhtktwszfsvhnesbebjpzajrvdy,66752,2,"(309, 513)",779,
6662.685001859718,0,"(837, 224)",rorukbhtktwszfsvhnesbebjpzajrvdy,74051,4,"(74, 92)",2081,
6714.147940651541,0,"(837, 224)",rorukbhtktwszfsvhnesbebjpzajrvdy,84988,3,"(17, 351)",1240,
6933.847511584808,0,"(837, 224)",rorukbhtktwszfsvhnesbebjpzajrvdy,66752,2,"(309, 513)",779,
6985.680704534834,0,"(837, 224)",rorukbhtktwszfsvhnesbebjpzajrvdy,73419,0,"(285, 875)",839,
7044.44913167772,0,"(837, 224)",rorukbhtktwszfsvhnesbebjpzajrvdy,75205,6,"(546, 24)",750,
7077.153635773686,0,"(837, 224)",rorukbhtktwszfsvhnesbebjpzajrvdy,84988,3,"(17, 351)",1240,
7123.590967412296,0,"(837, 224)",rorukbhtktwszfsvhnesbebjpzajrvdy,75591,1,"(600, 797)",843,
7220.282714595579,0,"(837, 224)",rorukbhtktwszfsvhnesbebjpzajrvdy,66752,2,"(309, 513)",779,
7284.5995012789035,0,"(837, 224)",rorukbhtktwszfsvhnesbebjpzajrvdy,74051,4,"(74, 92)",2081,
7383.49109951886,0,"(837, 224)",rorukbhtktwszfsvhnesbebjpzajrvdy,73419,0,"(285, 875)",839,
7413.631832879237,0,"(837, 224)",rorukbhtktwszfsvhnesbebjpzajrvdy,84988,3,"(17, 351)",1240,
7499.008443047175,0,"(837, 224)",rorukbhtktwszfsvhnesbebjpzajrvdy,66752,2,"(309, 513)",779,
7499.28924000043,0,"(837, 224)",rorukbhtktwszfsvhnesbebjpzajrvdy,73793,5,"(906, 695)",796,
7714.4833201727,0,"(837, 224)",rorukbhtktwszfsvhnesbebjpzajrvdy,73419,0,"(285, 875)",839,
7753.834246265942,0,"(837, 224)",rorukbhtktwszfsvhnesbebjpzajrvdy,84988,3,"(17, 351)",1240,
7817.194937547256,0,"(837, 224)",rorukbhtktwszfsvhnesbebjpzajrvdy,66752,2,"(309, 513)",779,
7853.441172791443,0,"(837, 224)",rorukbhtktwszfsvhnesbebjpzajrvdy,75205,6,"(546, 24)",750,
7877.9242133877,0,"(837, 224)",rorukbhtktwszfsvhnesbebjpzajrvdy,75591,1,"(600, 797)",843,
7999.176512361553,0,"(837, 224)",rorukbhtktwszfsvhnesbebjpzajrvdy,74051,4,"(74, 92)",2081,
8017.107743215711,0,"(837, 224)",rorukbhtktwszfsvhnesbebjpzajrvdy,84988,3,"(17, 351)",1240,
8127.650522942001,0,"(837, 224)",rorukbhtktwszfsvhnesbebjpzajrvdy,66752,2,"(309, 513)",779,
8131.937401672913,0,"(837, 224)",rorukbhtktwszfsvhnesbebjpzajrvdy,73419,0,"(285, 875)",839,
8355.408012048969,0,"(837, 224)",rorukbhtktwszfsvhnesbebjpzajrvdy,84988,3,"(17, 351)",1240,
8461.811171149133,0,"(837, 224)",rorukbhtktwszfsvhnesbebjpzajrvdy,66752,2,"(309, 513)",779,
8489.175500937297,0,"(837, 224)",rorukbhtktwszfsvhnesbebjpzajrvdy,73793,5,"(906, 695)",796,
8518.002149394752,0,"(837, 224)",rorukbhtktwszfsvhnesbebjpzajrvdy,73419,0,"(285, 875)",839,
8589.408926110511,0,"(837, 224)",rorukbhtktwszfsvhnesbebjpzajrvdy,75591,1,"(600, 797)",843,
8592.085160728078,0,"(837, 224)",rorukbhtktwszfsvhnesbebjpzajrvdy,75205,6,"(546, 24)",750,
8630.862460046585,0,"(837, 224)",rorukbhtktwszfsvhnesbebjpzajrvdy,74051,4,"(74, 92)",2081,
8726.676482055189,0,"(837, 224)",rorukbhtktwszfsvhnesbebjpzajrvdy,84988,3,"(17, 351)",1240,
8760.65887119891,0,"(837, 224)",rorukbhtktwszfsvhnesbebjpzajrvdy,66752,2,"(309, 513)",779,
8909.684527132285,0,"(837, 224)",rorukbhtktwszfsvhnesbebjpzajrvdy,73419,0,"(285, 875)",839,
9044.007146377793,0,"(837, 224)",rorukbhtktwszfsvhnesbebjpzajrvdy,66752,2,"(309, 513)",779,
9064.830405509647,0,"(837, 224)",rorukbhtktwszfsvhnesbebjpzajrvdy,84988,3,"(17, 351)",1240,
9200.24636066599,0,"(837, 224)",rorukbhtktwszfsvhnesbebjpzajrvdy,74051,4,"(74, 92)",2081,
9293.36695751109,0,"(837, 224)",rorukbhtktwszfsvhnesbebjpzajrvdy,75591,1,"(600, 797)",843,
9302.450418278435,0,"(837, 224)",rorukbhtktwszfsvhnesbebjpzajrvdy,73419,0,"(285, 875)",839,
9361.250807764143,0,"(837, 224)",rorukbhtktwszfsvhnesbebjpzajrvdy,66752,2,"(309, 513)",779,
9406.242170399079,0,"(837, 224)",rorukbhtktwszfsvhnesbebjpzajrvdy,84988,3,"(17, 351)",1240,
9461.080025584237,0,"(837, 224)",rorukbhtktwszfsvhnesbebjpzajrvdy,73793,5,"(906, 695)",796,
9526.856653424162,0,"(837, 224)",rorukbhtktwszfsvhnesbebjpzajrvdy,75205,6,"(546, 24)",750,
9616.251597813847,0,"(837, 224)",rorukbhtktwszfsvhnesbebjpzajrvdy,73419,0,"(285, 875)",839,
9699.828474666207,0,"(837, 224)",rorukbhtktwszfsvhnesbebjpzajrvdy,84988,3,"(17, 351)",1240,
9709.796694093964,0,"(837, 224)",rorukbhtktwszfsvhnesbebjpzajrvdy,66752,2,"(309, 513)",779,
9849.728413352601,0,"(837, 224)",rorukbhtktwszfsvhnesbebjpzajrvdy,74051,4,"(74, 92)",2081,
9883.938033226039,0,"(837, 224)",rorukbhtktwszfsvhnesbebjpzajrvdy,75591,1,"(600, 797)",843,
10007.332544522216,0,"(837, 224)",rorukbhtktwszfsvhnesbebjpzajrvdy,73419,0,"(285, 875)",839,
10033.239829599916,0,"(837, 224)",rorukbhtktwszfsvhnesbebjpzajrvdy,66752,2,"(309, 513)",779,
10035.798783689168,0,"(837, 224)",rorukbhtktwszfsvhnesbebjpzajrvdy,84988,3,"(17, 351)",1240,
10300.17261380146,0,"(837, 224)",rorukbhtktwszfsvhnesbebjpzajrvdy,73793,5,"(906, 695)",796,
10346.651057556353,0,"(837, 224)",rorukbhtktwszfsvhnesbebjpzajrvdy,66752,2,"(309, 513)",779,
10387.12647218161,0,"(837, 224)",rorukbhtktwszfsvhnesbebjpzajrvdy,73419,0,"(285, 875)",839,
10399.020705225255,0,"(837, 224)",rorukbhtktwszfsvhnesbebjpzajrvdy,75205,6,"(546, 24)",750,
10407.001153294557,0,"(837, 224)",rorukbhtktwszfsvhnesbebjpzajrvdy,84988,3,"(17, 351)",1240,
10465.868696047033,0,"(837, 224)",rorukbhtktwszfsvhnesbebjpzajrvdy,75591,1,"(600, 797)",843,
10552.901485618568,0,"(837, 224)",rorukbhtktwszfsvhnesbebjpzajrvdy,74051,4,"(74, 92)",2081,
10630.745567916392,0,"(837, 224)",rorukbhtktwszfsvhnesbebjpzajrvdy,66752,2,"(309, 513)",779,
10782.988072197466,0,"(837, 224)",rorukbhtktwszfsvhnesbebjpzajrvdy,84988,3,"(17, 351)",1240,
10816.419892788606,0,"(837, 224)",rorukbhtktwszfsvhnesbebjpzajrvdy,73419,0,"(285, 875)",839,
10939.491790510805,0,"(837, 224)",rorukbhtktwszfsvhnesbebjpzajrvdy,66752,2,"(309, 513)",779,
11121.948864188853,0,"(837, 224)",rorukbhtktwszfsvhnesbebjpzajrvdy,84988,3,"(17, 351)",1240,
11145.815256294525,0,"(837, 224)",rorukbhtktwszfsvhnesbebjpzajrvdy,75591,1,"(600, 797)",843,
11185.698321406304,0,"(837, 224)",rorukbhtktwszfsvhnesbebjpzajrvdy,74051,4,"(74, 92)",2081,
11230.247326779401,0,"(837, 224)",rorukbhtktwszfsvhnesbebjpzajrvdy,73419,0,"(285, 875)",839,
11243.628255673028,0,"(837, 224)",rorukbhtktwszfsvhnesbebjpzajrvdy,66752,2,"(309, 513)",779,
11285.064730550986,0,"(837, 224)",rorukbhtktwszfsvhnesbebjpzajrvdy,73793,5,"(906, 695)",796,
11368.458186399615,0,"(837, 224)",rorukbhtktwszfsvhnesbebjpzajrvdy,75205,6,"(546, 24)",750,
11378.02353381488,0,"(837, 224)",rorukbhtktwszfsvhnesbebjpzajrvdy,84988,3,"(17, 351)",1240,
11530.414650865132,0,"(837, 224)",rorukbhtktwszfsvhnesbebjpzajrvdy,73419,0,"(285, 875)",839,
11560.134723077495,0,"(837, 224)",rorukbhtktwszfsvhnesbebjpzajrvdy,66752,2,"(309, 513)",779,
11713.09809301969,0,"(837, 224)",rorukbhtktwszfsvhnesbebjpzajrvdy,84988,3,"(17, 351)",1240,
11818.520770456711,0,"(837, 224)",rorukbhtktwszfsvhnesbebjpzajrvdy,74051,4,"(74, 92)",2081,
11849.400278399513,0,"(837, 224)",rorukbhtktwszfsvhnesbebjpzajrvdy,75591,1,"(600, 797)",843,
11857.503378740676,0,"(837, 224)",rorukbhtktwszfsvhnesbebjpzajrvdy,66752,2,"(309, 513)",779,
11911.289203764689,0,"(837, 224)",rorukbhtktwszfsvhnesbebjpzajrvdy,73419,0,"(285, 875)",839,
12088.508299231988,0,"(837, 224)",rorukbhtktwszfsvhnesbebjpzajrvdy,84988,3,"(17, 351)",1240,
12109.513925518047,0,"(837, 224)",rorukbhtktwszfsvhnesbebjpzajrvdy,66752,2,"(309, 513)",779,
12161.726596036307,0,"(837, 224)",rorukbhtktwszfsvhnesbebjpzajrvdy,75205,6,"(546, 24)",750,
12314.096437170312,0,"(837, 224)",rorukbhtktwszfsvhnesbebjpzajrvdy,73419,0,"(285, 875)",839,
12318.800881824525,0,"(837, 224)",rorukbhtktwszfsvhnesbebjpzajrvdy,74051,4,"(74, 92)",2081,
12340.877551889927,0,"(837, 224)",rorukbhtktwszfsvhnesbebjpzajrvdy,73793,5,"(906, 695)",796,
12414.770381785931,0,"(837, 224)",rorukbhtktwszfsvhnesbebjpzajrvdy,66752,2,"(309, 513)",779,
12449.764162884907,0,"(837, 224)",rorukbhtktwszfsvhnesbebjpzajrvdy,84988,3,"(17, 351)",1240,
12524.480689485183,0,"(837, 224)",rorukbhtktwszfsvhnesbebjpzajrvdy,75591,1,"(600, 797)",843,
12727.183418266575,0,"(837, 224)",rorukbhtktwszfsvhnesbebjpzajrvdy,73419,0,"(285, 875)",839,
12761.552752774212,0,"(837, 224)",rorukbhtktwszfsvhnesbebjpzajrvdy,66752,2,"(309, 513)",779,
12772.96291015111,0,"(837, 224)",rorukbhtktwszfsvhnesbebjpzajrvdy,84988,3,"(17, 351)",1240,
12923.514439031318,0,"(837, 224)",rorukbhtktwszfsvhnesbebjpzajrvdy,75205,6,"(546, 24)",750,
12965.99763948506,0,"(837, 224)",rorukbhtktwszfsvhnesbebjpzajrvdy,74051,4,"(74, 92)",2081,
13067.363049623378,0,"(837, 224)",rorukbhtktwszfsvhnesbebjpzajrvdy,84988,3,"(17, 351)",1240,
13083.98803578122,0,"(837, 224)",rorukbhtktwszfsvhnesbebjpzajrvdy,66752,2,"(309, 513)",779,
13097.424757360595,0,"(837, 224)",rorukbhtktwszfsvhnesbebjpzajrvdy,73419,0,"(285, 875)",839,
13120.927739600214,0,"(837, 224)",rorukbhtktwszfsvhnesbebjpzajrvdy,75591,1,"(600, 797)",843,
13279.169599167943,0,"(837, 224)",rorukbhtktwszfsvhnesbebjpzajrvdy,73793,5,"(906, 695)",796,
13371.207483859795,0,"(837, 224)",rorukbhtktwszfsvhnesbebjpzajrvdy,66752,2,"(309, 513)",779,
13385.494522148954,0,"(837, 224)",rorukbhtktwszfsvhnesbebjpzajrvdy,84988,3,"(17, 351)",1240,
13455.950750651069,0,"(837, 224)",rorukbhtktwszfsvhnesbebjpzajrvdy,73419,0,"(285, 875)",839,
13614.241772033249,0,"(837, 224)",rorukbhtktwszfsvhnesbebjpzajrvdy,74051,4,"(74, 92)",2081,
13638.525741039684,0,"(837, 224)",rorukbhtktwszfsvhnesbebjpzajrvdy,66752,2,"(309, 513)",779,
13704.346866612024,0,"(837, 224)",rorukbhtktwszfsvhnesbebjpzajrvdy,84988,3,"(17, 351)",1240,
13716.191574476368,0,"(837, 224)",rorukbhtktwszfsvhnesbebjpzajrvdy,75591,1,"(600, 797)",843,
13788.102823536614,0,"(837, 224)",rorukbhtktwszfsvhnesbebjpzajrvdy,75205,6,"(546, 24)",750,
13856.637531900114,0,"(837, 224)",rorukbhtktwszfsvhnesbebjpzajrvdy,73419,0,"(285, 875)",839,
13916.989287712266,0,"(837, 224)",rorukbhtktwszfsvhnesbebjpzajrvdy,66752,2,"(309, 513)",779,
14072.13146823341,0,"(837, 224)",rorukbhtktwszfsvhnesbebjpzajrvdy,84988,3,"(17, 351)",1240,
14180.27552594516,0,"(837, 224)",rorukbhtktwszfsvhnesbebjpzajrvdy,73793,5,"(906, 695)",796,
14237.886187645501,0,"(837, 224)",rorukbhtktwszfsvhnesbebjpzajrvdy,73419,0,"(285, 875)",839,
14274.116507251,0,"(837, 224)",rorukbhtktwszfsvhnesbebjpzajrvdy,74051,4,"(74, 92)",2081,
14276.150262818126,0,"(837, 224)",rorukbhtktwszfsvhnesbebjpzajrvdy,66752,2,"(309, 513)",779,
14341.762920312442,0,"(837, 224)",rorukbhtktwszfsvhnesbebjpzajrvdy,75591,1,"(600, 797)",843,
14399.508122475843,0,"(837, 224)",rorukbhtktwszfsvhnesbebjpzajrvdy,84988,3,"(17, 351)",1240,
14617.00676955083,0,"(837, 224)",rorukbhtktwszfsvhnesbebjpzajrvdy,66752,2,"(309, 513)",779,
14659.490509140775,0,"(837, 224)",rorukbhtktwszfsvhnesbebjpzajrvdy,84988,3,"(17, 351)",1240,
14672.113674606255,0,"(837, 224)",rorukbhtktwszfsvhnesbebjpzajrvdy,73419,0,"(285, 875)",839,
14748.682820780863,0,"(837, 224)",rorukbhtktwszfsvhnesbebjpzajrvdy,75205,6,"(546, 24)",750,
14934.684556474043,0,"(837, 224)",rorukbhtktwszfsvhnesbebjpzajrvdy,66752,2,"(309, 513)",779,
14941.146097941353,0,"(837, 224)",rorukbhtktwszfsvhnesbebjpzajrvdy,74051,4,"(74, 92)",2081,
14946.59147341642,0,"(837, 224)",rorukbhtktwszfsvhnesbebjpzajrvdy,73793,5,"(906, 695)",796,
14969.473187599104,0,"(837, 224)",rorukbhtktwszfsvhnesbebjpzajrvdy,84988,3,"(17, 351)",1240,
14980.774649533469,0,"(837, 224)",rorukbhtktwszfsvhnesbebjpzajrvdy,75591,1,"(600, 797)",843,
15081.693358039238,0,"(837, 224)",rorukbhtktwszfsvhnesbebjpzajrvdy,73419,0,"(285, 875)",839,
15177.686369400391,0,"(837, 224)",rorukbhtktwszfsvhnesbebjpzajrvdy,66752,2,"(309, 513)",779,
15306.11521995232,0,"(837, 224)",rorukbhtktwszfsvhnesbebjpzajrvdy,84988,3,"(17, 351)",1240,
15381.783406571338,0,"(837, 224)",rorukbhtktwszfsvhnesbebjpzajrvdy,73419,0,"(285, 875)",839,
15436.380687880937,0,"(837, 224)",rorukbhtktwszfsvhnesbebjpzajrvdy,74051,4,"(74, 92)",2081,
15471.532601744133,0,"(837, 224)",rorukbhtktwszfsvhnesbebjpzajrvdy,66752,2,"(309, 513)",779,
15597.036321657093,0,"(837, 224)",rorukbhtktwszfsvhnesbebjpzajrvdy,75591,1,"(600, 797)",843,
15660.056796552053,0,"(837, 224)",rorukbhtktwszfsvhnesbebjpzajrvdy,84988,3,"(17, 351)",1240,
15715.370156382993,0,"(837, 224)",rorukbhtktwszfsvhnesbebjpzajrvdy,75205,6,"(546, 24)",750,
15754.726138925405,0,"(837, 224)",rorukbhtktwszfsvhnesbebjpzajrvdy,73419,0,"(285, 875)",839,
15823.934512617248,0,"(837, 224)",rorukbhtktwszfsvhnesbebjpzajrvdy,73793,5,"(906, 695)",796,
15829.149802638574,0,"(837, 224)",rorukbhtktwszfsvhnesbebjpzajrvdy,66752,2,"(309, 513)",779,
15964.243315585461,0,"(837, 224)",rorukbhtktwszfsvhnesbebjpzajrvdy,84988,3,"(17, 351)",1240,
16050.055173892448,0,"(837, 224)",rorukbhtktwszfsvhnesbebjpzajrvdy,74051,4,"(74, 92)",2081,
16139.242258368928,0,"(837, 224)",rorukbhtktwszfsvhnesbebjpzajrvdy,75591,1,"(600, 797)",843,
16162.915837929186,0,"(837, 224)",rorukbhtktwszfsvhnesbebjpzajrvdy,66752,2,"(309, 513)",779,
16188.380857439806,0,"(837, 224)",rorukbhtktwszfsvhnesbebjpzajrvdy,73419,0,"(285, 875)",839,
16222.559948123006,0,"(837, 224)",rorukbhtktwszfsvhnesbebjpzajrvdy,84988,3,"(17, 351)",1240,
16456.115169499557,0,"(837, 224)",rorukbhtktwszfsvhnesbebjpzajrvdy,66752,2,"(309, 513)",779,
16548.888199893892,0,"(837, 224)",rorukbhtktwszfsvhnesbebjpzajrvdy,84988,3,"(17, 351)",1240,
16623.507461583788,0,"(837, 224)",rorukbhtktwszfsvhnesbebjpzajrvdy,73419,0,"(285, 875)",839,
16664.26352570301,0,"(837, 224)",rorukbhtktwszfsvhnesbebjpzajrvdy,74051,4,"(74, 92)",2081,
16679.25130710026,0,"(837, 224)",rorukbhtktwszfsvhnesbebjpzajrvdy,75205,6,"(546, 24)",750,
16724.473873001134,0,"(837, 224)",rorukbhtktwszfsvhnesbebjpzajrvdy,66752,2,"(309, 513)",779,
16837.71915499024,0,"(837, 224)",rorukbhtktwszfsvhnesbebjpzajrvdy,75591,1,"(600, 797)",843,
16920.355705699974,0,"(837, 224)",rorukbhtktwszfsvhnesbebjpzajrvdy,84988,3,"(17, 351)",1240,
16924.38590561726,0,"(837, 224)",rorukbhtktwszfsvhnesbebjpzajrvdy,73793,5,"(906, 695)",796,
17010.137961758424,0,"(837, 224)",rorukbhtktwszfsvhnesbebjpzajrvdy,73419,0,"(285, 875)",839,
17037.32345786942,0,"(837, 224)",rorukbhtktwszfsvhnesbebjpzajrvdy,66752,2,"(309, 513)",779,
17238.48695675008,0,"(837, 224)",rorukbhtktwszfsvhnesbebjpzajrvdy,84988,3,"(17, 351)",1240,
17291.43160124959,0,"(837, 224)",rorukbhtktwszfsvhnesbebjpzajrvdy,74051,4,"(74, 92)",2081,
17344.53060717451,0,"(837, 224)",rorukbhtktwszfsvhnesbebjpzajrvdy,66752,2,"(309, 513)",779,
17371.94561898906,0,"(837, 224)",rorukbhtktwszfsvhnesbebjpzajrvdy,73419,0,"(285, 875)",839,
17495.13321338909,0,"(837, 224)",rorukbhtktwszfsvhnesbebjpzajrvdy,75205,6,"(546, 24)",750,
17545.326850545254,0,"(837, 224)",rorukbhtktwszfsvhnesbebjpzajrvdy,84988,3,"(17, 351)",1240,
17567.215488827504,0,"(837, 224)",rorukbhtktwszfsvhnesbebjpzajrvdy,75591,1,"(600, 797)",843,
17680.9958147586,0,"(837, 224)",rorukbhtktwszfsvhnesbebjpzajrvdy,66752,2,"(309, 513)",779,
17755.667299256966,0,"(837, 224)",rorukbhtktwszfsvhnesbebjpzajrvdy,73419,0,"(285, 875)",839,
17821.911130152614,0,"(837, 224)",rorukbhtktwszfsvhnesbebjpzajrvdy,84988,3,"(17, 351)",1240,
17925.375802405557,0,"(837, 224)",rorukbhtktwszfsvhnesbebjpzajrvdy,74051,4,"(74, 92)",2081,
17989.74381434681,0,"(837, 224)",rorukbhtktwszfsvhnesbebjpzajrvdy,66752,2,"(309, 513)",779,
18038.033156939022,0,"(837, 224)",rorukbhtktwszfsvhnesbebjpzajrvdy,73793,5,"(906, 695)",796,
18113.059143642793,0,"(837, 224)",rorukbhtktwszfsvhnesbebjpzajrvdy,84988,3,"(17, 351)",1240,
18199.408140444197,0,"(837, 224)",rorukbhtktwszfsvhnesbebjpzajrvdy,73419,0,"(285, 875)",839,
18279.878405048832,0,"(837, 224)",rorukbhtktwszfsvhnesbebjpzajrvdy,66752,2,"(309, 513)",779,
18287.79413889767,0,"(837, 224)",rorukbhtktwszfsvhnesbebjpzajrvdy,75591,1,"(600, 797)",843,
18288.85043923561,0,"(837, 224)",rorukbhtktwszfsvhnesbebjpzajrvdy,75205,6,"(546, 24)",750,
18429.651878958448,0,"(837, 224)",rorukbhtktwszfsvhnesbebjpzajrvdy,74051,4,"(74, 92)",2081,
18461.48480973867,0,"(837, 224)",rorukbhtktwszfsvhnesbebjpzajrvdy,84988,3,"(17, 351)",1240,
18579.70765439992,0,"(837, 224)",rorukbhtktwszfsvhnesbebjpzajrvdy,73419,0,"(285, 875)",839,
18606.476128792256,0,"(837, 224)",rorukbhtktwszfsvhnesbebjpzajrvdy,66752,2,"(309, 513)",779,
18798.788622068452,0,"(837, 224)",rorukbhtktwszfsvhnesbebjpzajrvdy,84988,3,"(17, 351)",1240,
18908.632545831708,0,"(837, 224)",rorukbhtktwszfsvhnesbebjpzajrvdy,75591,1,"(600, 797)",843,
18934.601122135722,0,"(837, 224)",rorukbhtktwszfsvhnesbebjpzajrvdy,66752,2,"(309, 513)",779,
18961.13906450016,0,"(837, 224)",rorukbhtktwszfsvhnesbebjpzajrvdy,73419,0,"(285, 875)",839,
18993.65020889035,0,"(837, 224)",rorukbhtktwszfsvhnesbebjpzajrvdy,73793,5,"(906, 695)",796,
19077.530569077968,0,"(837, 224)",rorukbhtktwszfsvhnesbebjpzajrvdy,74051,4,"(74, 92)",2081,
19087.66552296157,0,"(837, 224)",rorukbhtktwszfsvhnesbebjpzajrvdy,84988,3,"(17, 351)",1240,
19225.76384110465,0,"(837, 224)",rorukbhtktwszfsvhnesbebjpzajrvdy,75205,6,"(546, 24)",750,
19269.358599193973,0,"(837, 224)",rorukbhtktwszfsvhnesbebjpzajrvdy,73419,0,"(285, 875)",839,
19278.33623239848,0,"(837, 224)",rorukbhtktwszfsvhnesbebjpzajrvdy,66752,2,"(309, 513)",779,
19367.81908276783,0,"(837, 224)",rorukbhtktwszfsvhnesbebjpzajrvdy,84988,3,"(17, 351)",1240,
19461.090542808477,0,"(837, 224)",rorukbhtktwszfsvhnesbebjpzajrvdy,75591,1,"(600, 797)",843,
19562.785028858358,0,"(837, 224)",rorukbhtktwszfsvhnesbebjpzajrvdy,66752,2,"(309, 513)",779,
19679.22387541796,0,"(837, 224)",rorukbhtktwszfsvhnesbebjpzajrvdy,73419,0,"(285, 875)",839,
19690.52878600035,0,"(837, 224)",rorukbhtktwszfsvhnesbebjpzajrvdy,84988,3,"(17, 351)",1240,
19706.712232535203,0,"(837, 224)",rorukbhtktwszfsvhnesbebjpzajrvdy,74051,4,"(74, 92)",2081,
19759.810005905743,0,"(837, 224)",rorukbhtktwszfsvhnesbebjpzajrvdy,73793,5,"(906, 695)",796,
19824.379201872605,0,"(837, 224)",rorukbhtktwszfsvhnesbebjpzajrvdy,66752,2,"(309, 513)",779,
20054.123418243467,0,"(837, 224)",rorukbhtktwszfsvhnesbebjpzajrvdy,84988,3,"(17, 351)",1240,
20110.46187442868,0,"(837, 224)",rorukbhtktwszfsvhnesbebjpzajrvdy,75591,1,"(600, 797)",843,
20118.73441975317,0,"(837, 224)",rorukbhtktwszfsvhnesbebjpzajrvdy,66752,2,"(309, 513)",779,
20118.804796178076,0,"(837, 224)",rorukbhtktwszfsvhnesbebjpzajrvdy,73419,0,"(285, 875)",839,
20228.12565745762,0,"(837, 224)",rorukbhtktwszfsvhnesbebjpzajrvdy,75205,6,"(546, 24)",750,
20312.877878270312,0,"(837, 224)",rorukbhtktwszfsvhnesbebjpzajrvdy,74051,4,"(74, 92)",2081,
20377.582502982936,0,"(837, 224)",rorukbhtktwszfsvhnesbebjpzajrvdy,84988,3,"(17, 351)",1240,
20457.825847030817,0,"(837, 224)",rorukbhtktwszfsvhnesbebjpzajrvdy,66752,2,"(309, 513)",779,
20546.729743519205,0,"(837, 224)",rorukbhtktwszfsvhnesbebjpzajrvdy,73419,0,"(285, 875)",839,
20671.10684430274,0,"(837, 224)",rorukbhtktwszfsvhnesbebjpzajrvdy,73793,5,"(906, 695)",796,
20709.65009204454,0,"(837, 224)",rorukbhtktwszfsvhnesbebjpzajrvdy,84988,3,"(17, 351)",1240,
20761.54353358891,0,"(837, 224)",rorukbhtktwszfsvhnesbebjpzajrvdy,66752,2,"(309, 513)",779,
20797.213426750914,0,"(837, 224)",rorukbhtktwszfsvhnesbebjpzajrvdy,75591,1,"(600, 797)",843,
20880.357346718287,0,"(837, 224)",rorukbhtktwszfsvhnesbebjpzajrvdy,74051,4,"(74, 92)",2081,
20937.35106337371,0,"(837, 224)",rorukbhtktwszfsvhnesbebjpzajrvdy,73419,0,"(285, 875)",839,
20980.7635341565,0,"(837, 224)",rorukbhtktwszfsvhnesbebjpzajrvdy,84988,3,"(17, 351)",1240,
21084.300599629474,0,"(837, 224)",rorukbhtktwszfsvhnesbebjpzajrvdy,66752,2,"(309, 513)",779,
21179.610321837292,0,"(837, 224)",rorukbhtktwszfsvhnesbebjpzajrvdy,75205,6,"(546, 24)",750,
21290.131412483894,0,"(837, 224)",rorukbhtktwszfsvhnesbebjpzajrvdy,84988,3,"(17, 351)",1240,
21292.331992113785,0,"(837, 224)",rorukbhtktwszfsvhnesbebjpzajrvdy,73419,0,"(285, 875)",839,
21327.387250993957,0,"(837, 224)",rorukbhtktwszfsvhnesbebjpzajrvdy,66752,2,"(309, 513)",779,
21449.309831712806,0,"(837, 224)",rorukbhtktwszfsvhnesbebjpzajrvdy,74051,4,"(74, 92)",2081,
21492.405739283757,0,"(837, 224)",rorukbhtktwszfsvhnesbebjpzajrvdy,75591,1,"(600, 797)",843,
21636.54482368214,0,"(837, 224)",rorukbhtktwszfsvhnesbebjpzajrvdy,84988,3,"(17, 351)",1240,
21653.08609118581,0,"(837, 224)",rorukbhtktwszfsvhnesbebjpzajrvdy,66752,2,"(309, 513)",779,
21700.56610186807,0,"(837, 224)",rorukbhtktwszfsvhnesbebjpzajrvdy,73419,0,"(285, 875)",839,
21783.491274682427,0,"(837, 224)",rorukbhtktwszfsvhnesbebjpzajrvdy,73793,5,"(906, 695)",796,
21949.90728770119,0,"(837, 224)",rorukbhtktwszfsvhnesbebjpzajrvdy,84988,3,"(17, 351)",1240,
21996.598568698544,0,"(837, 224)",rorukbhtktwszfsvhnesbebjpzajrvdy,66752,2,"(309, 513)",779,
22013.680542648362,0,"(837, 224)",rorukbhtktwszfsvhnesbebjpzajrvdy,75205,6,"(546, 24)",750,
22085.099585221975,0,"(837, 224)",rorukbhtktwszfsvhnesbebjpzajrvdy,73419,0,"(285, 875)",839,
22101.367211184945,0,"(837, 224)",rorukbhtktwszfsvhnesbebjpzajrvdy,74051,4,"(74, 92)",2081,
22173.532457972477,0,"(837, 224)",rorukbhtktwszfsvhnesbebjpzajrvdy,75591,1,"(600, 797)",843,
22288.807863085167,0,"(837, 224)",rorukbhtktwszfsvhnesbebjpzajrvdy,84988,3,"(17, 351)",1240,
22315.84779752015,0,"(837, 224)",rorukbhtktwszfsvhnesbebjpzajrvdy,66752,2,"(309, 513)",779,
22487.168868285025,0,"(837, 224)",rorukbhtktwszfsvhnesbebjpzajrvdy,73419,0,"(285, 875)",839,
22549.056597865263,0,"(837, 224)",rorukbhtktwszfsvhnesbebjpzajrvdy,84988,3,"(17, 351)",1240,
22624.58497533618,0,"(837, 224)",rorukbhtktwszfsvhnesbebjpzajrvdy,66752,2,"(309, 513)",779,
22773.368056757245,0,"(837, 224)",rorukbhtktwszfsvhnesbebjpzajrvdy,75591,1,"(600, 797)",843,
22810.143933433377,0,"(837, 224)",rorukbhtktwszfsvhnesbebjpzajrvdy,74051,4,"(74, 92)",2081,
22841.15699070813,0,"(837, 224)",rorukbhtktwszfsvhnesbebjpzajrvdy,73419,0,"(285, 875)",839,
22883.218659403017,0,"(837, 224)",rorukbhtktwszfsvhnesbebjpzajrvdy,73793,5,"(906, 695)",796,
22883.585997163766,0,"(837, 224)",rorukbhtktwszfsvhnesbebjpzajrvdy,75205,6,"(546, 24)",750,
22884.963300018113,0,"(837, 224)",rorukbhtktwszfsvhnesbebjpzajrvdy,84988,3,"(17, 351)",1240,
22902.45166206635,0,"(837, 224)",rorukbhtktwszfsvhnesbebjpzajrvdy,66752,2,"(309, 513)",779,
23181.560906331848,0,"(837, 224)",rorukbhtktwszfsvhnesbebjpzajrvdy,73419,0,"(285, 875)",839,
23226.051152935437,0,"(837, 224)",rorukbhtktwszfsvhnesbebjpzajrvdy,66752,2,"(309, 513)",779,
23255.06588409155,0,"(837, 224)",rorukbhtktwszfsvhnesbebjpzajrvdy,84988,3,"(17, 351)",1240,
23448.205078007948,0,"(837, 224)",rorukbhtktwszfsvhnesbebjpzajrvdy,74051,4,"(74, 92)",2081,
23479.35070103189,0,"(837, 224)",rorukbhtktwszfsvhnesbebjpzajrvdy,75591,1,"(600, 797)",843,
23539.459117081857,0,"(837, 224)",rorukbhtktwszfsvhnesbebjpzajrvdy,66752,2,"(309, 513)",779,
23545.258786881364,0,"(837, 224)",rorukbhtktwszfsvhnesbebjpzajrvdy,73419,0,"(285, 875)",839,
23601.124607295045,0,"(837, 224)",rorukbhtktwszfsvhnesbebjpzajrvdy,84988,3,"(17, 351)",1240,
23835.06013370847,0,"(837, 224)",rorukbhtktwszfsvhnesbebjpzajrvdy,75205,6,"(546, 24)",750,
23864.66791598371,0,"(837, 224)",rorukbhtktwszfsvhnesbebjpzajrvdy,66752,2,"(309, 513)",779,
23917.114847339595,0,"(837, 224)",rorukbhtktwszfsvhnesbebjpzajrvdy,73793,5,"(906, 695)",796,
23941.18392685972,0,"(837, 224)",rorukbhtktwszfsvhnesbebjpzajrvdy,84988,3,"(17, 351)",1240,
23978.6337738066,0,"(837, 224)",rorukbhtktwszfsvhnesbebjpzajrvdy,73419,0,"(285, 875)",839,
24069.35473674457,0,"(837, 224)",rorukbhtktwszfsvhnesbebjpzajrvdy,74051,4,"(74, 92)",2081,
24121.438667319093,0,"(837, 224)",rorukbhtktwszfsvhnesbebjpzajrvdy,75591,1,"(600, 797)",843,
24196.742501028963,0,"(837, 224)",rorukbhtktwszfsvhnesbebjpzajrvdy,66752,2,"(309, 513)",779,
24201.552842369543,0,"(837, 224)",rorukbhtktwszfsvhnesbebjpzajrvdy,84988,3,"(17, 351)",1240,
24413.22778803034,0,"(837, 224)",rorukbhtktwszfsvhnesbebjpzajrvdy,73419,0,"(285, 875)",839,
24462.785663796203,0,"(837, 224)",rorukbhtktwszfsvhnesbebjpzajrvdy,66752,2,"(309, 513)",779,
24517.82878528903,0,"(837, 224)",rorukbhtktwszfsvhnesbebjpzajrvdy,84988,3,"(17, 351)",1240,
24625.29232234307,0,"(837, 224)",rorukbhtktwszfsvhnesbebjpzajrvdy,74051,4,"(74, 92)",2081,
24796.094420700578,0,"(837, 224)",rorukbhtktwszfsvhnesbebjpzajrvdy,66752,2,"(309, 513)",779,
24801.204799919607,0,"(837, 224)",rorukbhtktwszfsvhnesbebjpzajrvdy,73419,0,"(285, 875)",839,
24815.86689453155,0,"(837, 224)",rorukbhtktwszfsvhnesbebjpzajrvdy,73793,5,"(906, 695)",796,
24834.849721389775,0,"(837, 224)",rorukbhtktwszfsvhnesbebjpzajrvdy,75591,1,"(600, 797)",843,
24849.976855316185,0,"(837, 224)",rorukbhtktwszfsvhnesbebjpzajrvdy,75205,6,"(546, 24)",750,
24860.222527930786,0,"(837, 224)",rorukbhtktwszfsvhnesbebjpzajrvdy,84988,3,"(17, 351)",1240,
25114.62826197391,0,"(837, 224)",rorukbhtktwszfsvhnesbebjpzajrvdy,73419,0,"(285, 875)",839,
25140.102181030798,0,"(837, 224)",rorukbhtktwszfsvhnesbebjpzajrvdy,66752,2,"(309, 513)",779,
25236.346692568037,0,"(837, 224)",rorukbhtktwszfsvhnesbebjpzajrvdy,84988,3,"(17, 351)",1240,
25243.340363509196,0,"(837, 224)",rorukbhtktwszfsvhnesbebjpzajrvdy,74051,4,"(74, 92)",2081,
25450.41858514676,0,"(837, 224)",rorukbhtktwszfsvhnesbebjpzajrvdy,75591,1,"(600, 797)",843,
25462.025480087465,0,"(837, 224)",rorukbhtktwszfsvhnesbebjpzajrvdy,66752,2,"(309, 513)",779,
25478.046478811873,0,"(837, 224)",rorukbhtktwszfsvhnesbebjpzajrvdy,73419,0,"(285, 875)",839,
25565.480095624145,0,"(837, 224)",rorukbhtktwszfsvhnesbebjpzajrvdy,84988,3,"(17, 351)",1240,
25686.27250485467,0,"(837, 224)",rorukbhtktwszfsvhnesbebjpzajrvdy,73793,5,"(906, 695)",796,
25756.16352237576,0,"(837, 224)",rorukbhtktwszfsvhnesbebjpzajrvdy,66752,2,"(309, 513)",779,
25799.469326975734,0,"(837, 224)",rorukbhtktwszfsvhnesbebjpzajrvdy,75205,6,"(546, 24)",750,
25838.874106797874,0,"(837, 224)",rorukbhtktwszfsvhnesbebjpzajrvdy,84988,3,"(17, 351)",1240,
25845.93471557003,0,"(837, 224)",rorukbhtktwszfsvhnesbebjpzajrvdy,74051,4,"(74, 92)",2081,
25899.888203949406,0,"(837, 224)",rorukbhtktwszfsvhnesbebjpzajrvdy,73419,0,"(285, 875)",839,
26021.290414978863,0,"(837, 224)",rorukbhtktwszfsvhnesbebjpzajrvdy,66752,2,"(309, 513)",779,
26029.33473260777,0,"(837, 224)",rorukbhtktwszfsvhnesbebjpzajrvdy,75591,1,"(600, 797)",843,
26139.019938381716,0,"(837, 224)",rorukbhtktwszfsvhnesbebjpzajrvdy,84988,3,"(17, 351)",1240,
26286.25321025377,0,"(837, 224)",rorukbhtktwszfsvhnesbebjpzajrvdy,73419,0,"(285, 875)",839,
26310.801500351678,0,"(837, 224)",rorukbhtktwszfsvhnesbebjpzajrvdy,66752,2,"(309, 513)",779,
26462.778280677205,0,"(837, 224)",rorukbhtktwszfsvhnesbebjpzajrvdy,84988,3,"(17, 351)",1240,
26559.335325614356,0,"(837, 224)",rorukbhtktwszfsvhnesbebjpzajrvdy,74051,4,"(74, 92)",2081,
26592.67220509467,0,"(837, 224)",rorukbhtktwszfsvhnesbebjpzajrvdy,75205,6,"(546, 24)",750,
26630.920112441432,0,"(837, 224)",rorukbhtktwszfsvhnesbebjpzajrvdy,66752,2,"(309, 513)",779,
26631.153913517774,0,"(837, 224)",rorukbhtktwszfsvhnesbebjpzajrvdy,73419,0,"(285, 875)",839,
26665.04611245707,0,"(837, 224)",rorukbhtktwszfsvhnesbebjpzajrvdy,75591,1,"(600, 797)",843,
26731.04493821977,0,"(837, 224)",rorukbhtktwszfsvhnesbebjpzajrvdy,73793,5,"(906, 695)",796,
26797.764961700494,0,"(837, 224)",rorukbhtktwszfsvhnesbebjpzajrvdy,84988,3,"(17, 351)",1240,
26978.052335120174,0,"(837, 224)",rorukbhtktwszfsvhnesbebjpzajrvdy,73419,0,"(285, 875)",839,
26988.657064804036,0,"(837, 224)",rorukbhtktwszfsvhnesbebjpzajrvdy,66752,2,"(309, 513)",779,
27137.83194552578,0,"(837, 224)",rorukbhtktwszfsvhnesbebjpzajrvdy,84988,3,"(17, 351)",1240,
27148.53414340844,0,"(837, 224)",rorukbhtktwszfsvhnesbebjpzajrvdy,74051,4,"(74, 92)",2081,
27273.018853997062,0,"(837, 224)",rorukbhtktwszfsvhnesbebjpzajrvdy,66752,2,"(309, 513)",779,
27290.19889263768,0,"(837, 224)",rorukbhtktwszfsvhnesbebjpzajrvdy,75591,1,"(600, 797)",843,
27340.12785747122,0,"(837, 224)",rorukbhtktwszfsvhnesbebjpzajrvdy,73419,0,"(285, 875)",839,
27427.7317401,0,"(837, 224)",rorukbhtktwszfsvhnesbebjpzajrvdy,84988,3,"(17, 351)",1240,
27443.026926798026,0,"(837, 224)",rorukbhtktwszfsvhnesbebjpzajrvdy,75205,6,"(546, 24)",750,
27542.023884065595,0,"(837, 224)",rorukbhtktwszfsvhnesbebjpzajrvdy,66752,2,"(309, 513)",779,
27643.46640306348,0,"(837, 224)",rorukbhtktwszfsvhnesbebjpzajrvdy,74051,4,"(74, 92)",2081,
27685.847267316505,0,"(837, 224)",rorukbhtktwszfsvhnesbebjpzajrvdy,73793,5,"(906, 695)",796,
27733.73201805617,0,"(837, 224)",rorukbhtktwszfsvhnesbebjpzajrvdy,84988,3,"(17, 351)",1240,
27737.170910606004,0,"(837, 224)",rorukbhtktwszfsvhnesbebjpzajrvdy,73419,0,"(285, 875)",839,
27817.858479332153,0,"(837, 224)",rorukbhtktwszfsvhnesbebjpzajrvdy,66752,2,"(309, 513)",779,
27958.189005661316,0,"(837, 224)",rorukbhtktwszfsvhnesbebjpzajrvdy,75591,1,"(600, 797)",843,
28057.628518563102,0,"(837, 224)",rorukbhtktwszfsvhnesbebjpzajrvdy,84988,3,"(17, 351)",1240,
28121.008956613856,0,"(837, 224)",rorukbhtktwszfsvhnesbebjpzajrvdy,73419,0,"(285, 875)",839,
28140.478117543647,0,"(837, 224)",rorukbhtktwszfsvhnesbebjpzajrvdy,66752,2,"(309, 513)",779,
28199.52578046786,0,"(837, 224)",rorukbhtktwszfsvhnesbebjpzajrvdy,74051,4,"(74, 92)",2081,
28376.600148215133,0,"(837, 224)",rorukbhtktwszfsvhnesbebjpzajrvdy,84988,3,"(17, 351)",1240,
28393.93121476347,0,"(837, 224)",rorukbhtktwszfsvhnesbebjpzajrvdy,75205,6,"(546, 24)",750,
28450.83120765729,0,"(837, 224)",rorukbhtktwszfsvhnesbebjpzajrvdy,66752,2,"(309, 513)",779,
28514.636231249147,0,"(837, 224)",rorukbhtktwszfsvhnesbebjpzajrvdy,73419,0,"(285, 875)",839,
28569.67379032029,0,"(837, 224)",rorukbhtktwszfsvhnesbebjpzajrvdy,75591,1,"(600, 797)",843,
28624.499079571862,0,"(837, 224)",rorukbhtktwszfsvhnesbebjpzajrvdy,73793,5,"(906, 695)",796,
28726.669921342327,0,"(837, 224)",rorukbhtktwszfsvhnesbebjpzajrvdy,84988,3,"(17, 351)",1240,
28780.66406677708,0,"(837, 224)",rorukbhtktwszfsvhnesbebjpzajrvdy,66752,2,"(309, 513)",779,
28813.413556528918,0,"(837, 224)",rorukbhtktwszfsvhnesbebjpzajrvdy,74051,4,"(74, 92)",2081,
28840.398529425274,0,"(837, 224)",rorukbhtktwszfsvhnesbebjpzajrvdy,73419,0,"(285, 875)",839,
28989.62804908454,0,"(837, 224)",rorukbhtktwszfsvhnesbebjpzajrvdy,84988,3,"(17, 351)",1240,
29063.370093942205,0,"(837, 224)",rorukbhtktwszfsvhnesbebjpzajrvdy,66752,2,"(309, 513)",779,
29080.372937414333,0,"(837, 224)",rorukbhtktwszfsvhnesbebjpzajrvdy,75591,1,"(600, 797)",843,
29221.348629336997,0,"(837, 224)",rorukbhtktwszfsvhnesbebjpzajrvdy,73419,0,"(285, 875)",839,
29291.940825401318,0,"(837, 224)",rorukbhtktwszfsvhnesbebjpzajrvdy,75205,6,"(546, 24)",750,
29322.810197502804,0,"(837, 224)",rorukbhtktwszfsvhnesbebjpzajrvdy,84988,3,"(17, 351)",1240,
29348.42122350272,0,"(837, 224)",rorukbhtktwszfsvhnesbebjpzajrvdy,66752,2,"(309, 513)",779,
29396.460302757605,0,"(837, 224)",rorukbhtktwszfsvhnesbebjpzajrvdy,73793,5,"(906, 695)",796,
29423.053853773963,0,"(837, 224)",rorukbhtktwszfsvhnesbebjpzajrvdy,74051,4,"(74, 92)",2081,
29619.607181818596,0,"(837, 224)",rorukbhtktwszfsvhnesbebjpzajrvdy,73419,0,"(285, 875)",839,
29671.48573126827,0,"(837, 224)",rorukbhtktwszfsvhnesbebjpzajrvdy,84988,3,"(17, 351)",1240,
29710.307939792732,0,"(837, 224)",rorukbhtktwszfsvhnesbebjpzajrvdy,66752,2,"(309, 513)",779,
29771.75361329089,0,"(837, 224)",rorukbhtktwszfsvhnesbebjpzajrvdy,75591,1,"(600, 797)",843,
30002.10555009927,0,"(837, 224)",rorukbhtktwszfsvhnesbebjpzajrvdy,74051,4,"(74, 92)",2081,
30025.722391931355,0,"(837, 224)",rorukbhtktwszfsvhnesbebjpzajrvdy,73419,0,"(285, 875)",839,
30034.867066599443,0,"(837, 224)",rorukbhtktwszfsvhnesbebjpzajrvdy,66752,2,"(309, 513)",779,
30043.4200505924,0,"(837, 224)",rorukbhtktwszfsvhnesbebjpzajrvdy,84988,3,"(17, 351)",1240,
30134.63295373383,0,"(837, 224)",rorukbhtktwszfsvhnesbebjpzajrvdy,75205,6,"(546, 24)",750,
30330.57625643427,0,"(837, 224)",rorukbhtktwszfsvhnesbebjpzajrvdy,66752,2,"(309, 513)",779,
30358.09868227384,0,"(837, 224)",rorukbhtktwszfsvhnesbebjpzajrvdy,84988,3,"(17, 351)",1240,
30395.081595738706,0,"(837, 224)",rorukbhtktwszfsvhnesbebjpzajrvdy,73419,0,"(285, 875)",839,
30426.77812213322,0,"(837, 224)",rorukbhtktwszfsvhnesbebjpzajrvdy,73793,5,"(906, 695)",796,
30510.405323683855,0,"(837, 224)",rorukbhtktwszfsvhnesbebjpzajrvdy,75591,1,"(600, 797)",843,
30522.36525206347,0,"(837, 224)",rorukbhtktwszfsvhnesbebjpzajrvdy,74051,4,"(74, 92)",2081,
30609.765175699773,0,"(837, 224)",rorukbhtktwszfsvhnesbebjpzajrvdy,84988,3,"(17, 351)",1240,
30621.544996632452,0,"(837, 224)",rorukbhtktwszfsvhnesbebjpzajrvdy,66752,2,"(309, 513)",779,
30740.44533831712,0,"(837, 224)",rorukbhtktwszfsvhnesbebjpzajrvdy,73419,0,"(285, 875)",839,
30925.47991603394,0,"(837, 224)",rorukbhtktwszfsvhnesbebjpzajrvdy,75205,6,"(546, 24)",750,
30944.61687188497,0,"(837, 224)",rorukbhtktwszfsvhnesbebjpzajrvdy,66752,2,"(309, 513)",779,
30956.708073089634,0,"(837, 224)",rorukbhtktwszfsvhnesbebjpzajrvdy,84988,3,"(17, 351)",1240,
31130.31597653879,0,"(837, 224)",rorukbhtktwszfsvhnesbebjpzajrvdy,73419,0,"(285, 875)",839,
31141.12377546679,0,"(837, 224)",rorukbhtktwszfsvhnesbebjpzajrvdy,74051,4,"(74, 92)",2081,
31156.44764380573,0,"(837, 224)",rorukbhtktwszfsvhnesbebjpzajrvdy,75591,1,"(600, 797)",843,
31250.53716254324,0,"(837, 224)",rorukbhtktwszfsvhnesbebjpzajrvdy,66752,2,"(309, 513)",779,
31324.76215732482,0,"(837, 224)",rorukbhtktwszfsvhnesbebjpzajrvdy,84988,3,"(17, 351)",1240,
31463.624789408277,0,"(837, 224)",rorukbhtktwszfsvhnesbebjpzajrvdy,73793,5,"(906, 695)",796,
31528.40273848368,0,"(837, 224)",rorukbhtktwszfsvhnesbebjpzajrvdy,73419,0,"(285, 875)",839,
31548.183785798312,0,"(837, 224)",rorukbhtktwszfsvhnesbebjpzajrvdy,66752,2,"(309, 513)",779,
31661.681947002286,0,"(837, 224)",rorukbhtktwszfsvhnesbebjpzajrvdy,84988,3,"(17, 351)",1240,
31762.852533687266,0,"(837, 224)",rorukbhtktwszfsvhnesbebjpzajrvdy,75205,6,"(546, 24)",750,
31831.973494573936,0,"(837, 224)",rorukbhtktwszfsvhnesbebjpzajrvdy,74051,4,"(74, 92)",2081,
31848.45582642175,0,"(837, 224)",rorukbhtktwszfsvhnesbebjpzajrvdy,75591,1,"(600, 797)",843,
31864.429027812814,0,"(837, 224)",rorukbhtktwszfsvhnesbebjpzajrvdy,66752,2,"(309, 513)",779,
31952.223087814928,0,"(837, 224)",rorukbhtktwszfsvhnesbebjpzajrvdy,73419,0,"(285, 875)",839,
31978.28316193356,0,"(837, 224)",rorukbhtktwszfsvhnesbebjpzajrvdy,84988,3,"(17, 351)",1240,
32127.717222314128,0,"(837, 224)",rorukbhtktwszfsvhnesbebjpzajrvdy,66752,2,"(309, 513)",779,
32235.944066839962,0,"(837, 224)",rorukbhtktwszfsvhnesbebjpzajrvdy,84988,3,"(17, 351)",1240,
32352.977667643318,0,"(837, 224)",rorukbhtktwszfsvhnesbebjpzajrvdy,73419,0,"(285, 875)",839,
32394.610773997785,0,"(837, 224)",rorukbhtktwszfsvhnesbebjpzajrvdy,75591,1,"(600, 797)",843,
32434.680257093296,0,"(837, 224)",rorukbhtktwszfsvhnesbebjpzajrvdy,66752,2,"(309, 513)",779,
32482.577298056378,0,"(837, 224)",rorukbhtktwszfsvhnesbebjpzajrvdy,74051,4,"(74, 92)",2081,
32515.420379479016,0,"(837, 224)",rorukbhtktwszfsvhnesbebjpzajrvdy,73793,5,"(906, 695)",796,
32573.124596888334,0,"(837, 224)",rorukbhtktwszfsvhnesbebjpzajrvdy,84988,3,"(17, 351)",1240,
32663.308586036695,0,"(837, 224)",rorukbhtktwszfsvhnesbebjpzajrvdy,73419,0,"(285, 875)",839,
32749.971567923796,0,"(837, 224)",rorukbhtktwszfsvhnesbebjpzajrvdy,66752,2,"(309, 513)",779,
32801.17036847329,0,"(837, 224)",rorukbhtktwszfsvhnesbebjpzajrvdy,75205,6,"(546, 24)",750,
32922.2044501585,0,"(837, 224)",rorukbhtktwszfsvhnesbebjpzajrvdy,84988,3,"(17, 351)",1240,
33022.0532201536,0,"(837, 224)",rorukbhtktwszfsvhnesbebjpzajrvdy,73419,0,"(285, 875)",839,
33039.323570825254,0,"(837, 224)",rorukbhtktwszfsvhnesbebjpzajrvdy,75591,1,"(600, 797)",843,
33062.08813575504,0,"(837, 224)",rorukbhtktwszfsvhnesbebjpzajrvdy,66752,2,"(309, 513)",779,
33062.52511699259,0,"(837, 224)",rorukbhtktwszfsvhnesbebjpzajrvdy,74051,4,"(74, 92)",2081,
33284.78559000105,0,"(837, 224)",rorukbhtktwszfsvhnesbebjpzajrvdy,84988,3,"(17, 351)",1240,
33359.64977456428,0,"(837, 224)",rorukbhtktwszfsvhnesbebjpzajrvdy,66752,2,"(309, 513)",779,
33470.89243104258,0,"(837, 224)",rorukbhtktwszfsvhnesbebjpzajrvdy,73419,0,"(285, 875)",839,
33540.5840110915,0,"(837, 224)",rorukbhtktwszfsvhnesbebjpzajrvdy,73793,5,"(906, 695)",796,
33595.54010016525,0,"(837, 224)",rorukbhtktwszfsvhnesbebjpzajrvdy,74051,4,"(74, 92)",2081,
33623.69131828037,0,"(837, 224)",rorukbhtktwszfsvhnesbebjpzajrvdy,84988,3,"(17, 351)",1240,
33644.30366375748,0,"(837, 224)",rorukbhtktwszfsvhnesbebjpzajrvdy,66752,2,"(309, 513)",779,
33715.65022459242,0,"(837, 224)",rorukbhtktwszfsvhnesbebjpzajrvdy,75591,1,"(600, 797)",843,
33828.307280773355,0,"(837, 224)",rorukbhtktwszfsvhnesbebjpzajrvdy,75205,6,"(546, 24)",750,
33865.0170926322,0,"(837, 224)",rorukbhtktwszfsvhnesbebjpzajrvdy,73419,0,"(285, 875)",839,
33916.2607456661,0,"(837, 224)",rorukbhtktwszfsvhnesbebjpzajrvdy,84988,3,"(17, 351)",1240,
33933.1012397935,0,"(837, 224)",rorukbhtktwszfsvhnesbebjpzajrvdy,66752,2,"(309, 513)",779,
34184.8532161281,0,"(837, 224)",rorukbhtktwszfsvhnesbebjpzajrvdy,74051,4,"(74, 92)",2081,
34219.38282890621,0,"(837, 224)",rorukbhtktwszfsvhnesbebjpzajrvdy,73419,0,"(285, 875)",839,
34232.049102897545,0,"(837, 224)",rorukbhtktwszfsvhnesbebjpzajrvdy,66752,2,"(309, 513)",779,
34260.44661001309,0,"(837, 224)",rorukbhtktwszfsvhnesbebjpzajrvdy,84988,3,"(17, 351)",1240,
34416.29605402178,0,"(837, 224)",rorukbhtktwszfsvhnesbebjpzajrvdy,73793,5,"(906, 695)",796,
34452.44899940744,0,"(837, 224)",rorukbhtktwszfsvhnesbebjpzajrvdy,75591,1,"(600, 797)",843,
34559.48922139749,0,"(837, 224)",rorukbhtktwszfsvhnesbebjpzajrvdy,73419,0,"(285, 875)",839,
34561.97575956119,0,"(837, 224)",rorukbhtktwszfsvhnesbebjpzajrvdy,66752,2,"(309, 513)",779,
34625.41952397638,0,"(837, 224)",rorukbhtktwszfsvhnesbebjpzajrvdy,84988,3,"(17, 351)",1240,
34766.12256621741,0,"(837, 224)",rorukbhtktwszfsvhnesbebjpzajrvdy,75205,6,"(546, 24)",750,
34815.81967354437,0,"(837, 224)",rorukbhtktwszfsvhnesbebjpzajrvdy,74051,4,"(74, 92)",2081,
34862.46555149739,0,"(837, 224)",rorukbhtktwszfsvhnesbebjpzajrvdy,66752,2,"(309, 513)",779,
34918.22453546669,0,"(837, 224)",rorukbhtktwszfsvhnesbebjpzajrvdy,73419,0,"(285, 875)",839,
34999.28275686531,0,"(837, 224)",rorukbhtktwszfsvhnesbebjpzajrvdy,84988,3,"(17, 351)",1240,
35102.55746381738,0,"(837, 224)",rorukbhtktwszfsvhnesbebjpzajrvdy,66752,2,"(309, 513)",779,
35112.01454468094,0,"(837, 224)",rorukbhtktwszfsvhnesbebjpzajrvdy,75591,1,"(600, 797)",843,
35289.71925191232,0,"(837, 224)",rorukbhtktwszfsvhnesbebjpzajrvdy,73793,5,"(906, 695)",796,
35338.020949132624,0,"(837, 224)",rorukbhtktwszfsvhnesbebjpzajrvdy,84988,3,"(17, 351)",1240,
35342.36356849031,0,"(837, 224)",rorukbhtktwszfsvhnesbebjpzajrvdy,73419,0,"(285, 875)",839,
35417.78117638202,0,"(837, 224)",rorukbhtktwszfsvhnesbebjpzajrvdy,66752,2,"(309, 513)",779,
35429.78975478587,0,"(837, 224)",rorukbhtktwszfsvhnesbebjpzajrvdy,74051,4,"(74, 92)",2081,
35531.60848914025,0,"(837, 224)",rorukbhtktwszfsvhnesbebjpzajrvdy,75205,6,"(546, 24)",750,
35614.00679666062,0,"(837, 224)",rorukbhtktwszfsvhnesbebjpzajrvdy,84988,3,"(17, 351)",1240,
35700.5905909614,0,"(837, 224)",rorukbhtktwszfsvhnesbebjpzajrvdy,75591,1,"(600, 797)",843,
35717.28177313306,0,"(837, 224)",rorukbhtktwszfsvhnesbebjpzajrvdy,66752,2,"(309, 513)",779,
35739.64829912842,0,"(837, 224)",rorukbhtktwszfsvhnesbebjpzajrvdy,73419,0,"(285, 875)",839,
35904.82718866819,0,"(837, 224)",rorukbhtktwszfsvhnesbebjpzajrvdy,84988,3,"(17, 351)",1240,
36023.15469537062,0,"(837, 224)",rorukbhtktwszfsvhnesbebjpzajrvdy,74051,4,"(74, 92)",2081,
36075.949597058585,0,"(837, 224)",rorukbhtktwszfsvhnesbebjpzajrvdy,66752,2,"(309, 513)",779,
36100.37515553131,0,"(837, 224)",rorukbhtktwszfsvhnesbebjpzajrvdy,73419,0,"(285, 875)",839,
36247.35044295655,0,"(837, 224)",rorukbhtktwszfsvhnesbebjpzajrvdy,84988,3,"(17, 351)",1240,
36279.479179049464,0,"(837, 224)",rorukbhtktwszfsvhnesbebjpzajrvdy,73793,5,"(906, 695)",796,
36297.14799189151,0,"(837, 224)",rorukbhtktwszfsvhnesbebjpzajrvdy,75591,1,"(600, 797)",843,
36329.984269143024,0,"(837, 224)",rorukbhtktwszfsvhnesbebjpzajrvdy,75205,6,"(546, 24)",750,
36361.69578338895,0,"(837, 224)",rorukbhtktwszfsvhnesbebjpzajrvdy,66752,2,"(309, 513)",779,
36408.66328175033,0,"(837, 224)",rorukbhtktwszfsvhnesbebjpzajrvdy,73419,0,"(285, 875)",839,
36565.77728596367,0,"(837, 224)",rorukbhtktwszfsvhnesbebjpzajrvdy,74051,4,"(74, 92)",2081,
36576.30534311581,0,"(837, 224)",rorukbhtktwszfsvhnesbebjpzajrvdy,84988,3,"(17, 351)",1240,
36634.694845825914,0,"(837, 224)",rorukbhtktwszfsvhnesbebjpzajrvdy,66752,2,"(309, 513)",779,
36801.85116109575,0,"(837, 224)",rorukbhtktwszfsvhnesbebjpzajrvdy,73419,0,"(285, 875)",839,
36898.162033278546,0,"(837, 224)",rorukbhtktwszfsvhnesbebjpzajrvdy,84988,3,"(17, 351)",1240,
36923.7103175509,0,"(837, 224)",rorukbhtktwszfsvhnesbebjpzajrvdy,66752,2,"(309, 513)",779,
37015.05481170915,0,"(837, 224)",rorukbhtktwszfsvhnesbebjpzajrvdy,75591,1,"(600, 797)",843,
37187.93760935675,0,"(837, 224)",rorukbhtktwszfsvhnesbebjpzajrvdy,84988,3,"(17, 351)",1240,
37200.77001491198,0,"(837, 224)",rorukbhtktwszfsvhnesbebjpzajrvdy,73419,0,"(285, 875)",839,
37215.61791850846,0,"(837, 224)",rorukbhtktwszfsvhnesbebjpzajrvdy,74051,4,"(74, 92)",2081,
37243.69030971246,0,"(837, 224)",rorukbhtktwszfsvhnesbebjpzajrvdy,66752,2,"(309, 513)",779,
37310.591471975524,0,"(837, 224)",rorukbhtktwszfsvhnesbebjpzajrvdy,75205,6,"(546, 24)",750,
37391.5760793629,0,"(837, 224)",rorukbhtktwszfsvhnesbebjpzajrvdy,73793,5,"(906, 695)",796,
37530.25512642462,0,"(837, 224)",rorukbhtktwszfsvhnesbebjpzajrvdy,84988,3,"(17, 351)",1240,
37569.95695565505,0,"(837, 224)",rorukbhtktwszfsvhnesbebjpzajrvdy,66752,2,"(309, 513)",779,
37649.26001899237,0,"(837, 224)",rorukbhtktwszfsvhnesbebjpzajrvdy,73419,0,"(285, 875)",839,
37751.8742133171,0,"(837, 224)",rorukbhtktwszfsvhnesbebjpzajrvdy,75591,1,"(600, 797)",843,
37841.84404819537,0,"(837, 224)",rorukbhtktwszfsvhnesbebjpzajrvdy,84988,3,"(17, 351)",1240,
37878.731583002,0,"(837, 224)",rorukbhtktwszfsvhnesbebjpzajrvdy,66752,2,"(309, 513)",779,
37935.49743762482,0,"(837, 224)",rorukbhtktwszfsvhnesbebjpzajrvdy,74051,4,"(74, 92)",2081,
38042.2756764695,0,"(837, 224)",rorukbhtktwszfsvhnesbebjpzajrvdy,73419,0,"(285, 875)",839,
38163.21263594903,0,"(837, 224)",rorukbhtktwszfsvhnesbebjpzajrvdy,66752,2,"(309, 513)",779,
38205.43083236996,0,"(837, 224)",rorukbhtktwszfsvhnesbebjpzajrvdy,84988,3,"(17, 351)",1240,
38209.44301069255,0,"(837, 224)",rorukbhtktwszfsvhnesbebjpzajrvdy,75205,6,"(546, 24)",750,
38368.818822885485,0,"(837, 224)",rorukbhtktwszfsvhnesbebjpzajrvdy,75591,1,"(600, 797)",843,
38391.26706171852,0,"(837, 224)",rorukbhtktwszfsvhnesbebjpzajrvdy,73419,0,"(285, 875)",839,
38405.13978357804,0,"(837, 224)",rorukbhtktwszfsvhnesbebjpzajrvdy,73793,5,"(906, 695)",796,
38495.23256572382,0,"(837, 224)",rorukbhtktwszfsvhnesbebjpzajrvdy,66752,2,"(309, 513)",779,
38499.335606307635,0,"(837, 224)",rorukbhtktwszfsvhnesbebjpzajrvdy,84988,3,"(17, 351)",1240,
38568.28811097195,0,"(837, 224)",rorukbhtktwszfsvhnesbebjpzajrvdy,74051,4,"(74, 92)",2081,
38782.778787039446,0,"(837, 224)",rorukbhtktwszfsvhnesbebjpzajrvdy,73419,0,"(285, 875)",839,
38787.52607918166,0,"(837, 224)",rorukbhtktwszfsvhnesbebjpzajrvdy,84988,3,"(17, 351)",1240,
38853.93495906323,0,"(837, 224)",rorukbhtktwszfsvhnesbebjpzajrvdy,66752,2,"(309, 513)",779,
38956.44625896637,0,"(837, 224)",rorukbhtktwszfsvhnesbebjpzajrvdy,75591,1,"(600, 797)",843,
39057.74459603227,0,"(837, 224)",rorukbhtktwszfsvhnesbebjpzajrvdy,75205,6,"(546, 24)",750,
39119.74420800975,0,"(837, 224)",rorukbhtktwszfsvhnesbebjpzajrvdy,84988,3,"(17, 351)",1240,
39155.772020845965,0,"(837, 224)",rorukbhtktwszfsvhnesbebjpzajrvdy,66752,2,"(309, 513)",779,
39170.62729621159,0,"(837, 224)",rorukbhtktwszfsvhnesbebjpzajrvdy,74051,4,"(74, 92)",2081,
39226.6674026529,0,"(837, 224)",rorukbhtktwszfsvhnesbebjpzajrvdy,73419,0,"(285, 875)",839,
39322.352051506925,0,"(837, 224)",rorukbhtktwszfsvhnesbebjpzajrvdy,73793,5,"(906, 695)",796,
39465.567546518585,0,"(837, 224)",rorukbhtktwszfsvhnesbebjpzajrvdy,66752,2,"(309, 513)",779,
39483.88998865564,0,"(837, 224)",rorukbhtktwszfsvhnesbebjpzajrvdy,84988,3,"(17, 351)",1240,
39535.76489829087,0,"(837, 224)",rorukbhtktwszfsvhnesbebjpzajrvdy,75591,1,"(600, 797)",843,
39602.26498315621,0,"(837, 224)",rorukbhtktwszfsvhnesbebjpzajrvdy,73419,0,"(285, 875)",839,
39663.34833564805,0,"(837, 224)",rorukbhtktwszfsvhnesbebjpzajrvdy,74051,4,"(74, 92)",2081,
39711.1172702813,0,"(837, 224)",rorukbhtktwszfsvhnesbebjpzajrvdy,66752,2,"(309, 513)",779,
39766.37635923991,0,"(837, 224)",rorukbhtktwszfsvhnesbebjpzajrvdy,75205,6,"(546, 24)",750,
39830.3333027479,0,"(837, 224)",rorukbhtktwszfsvhnesbebjpzajrvdy,84988,3,"(17, 351)",1240,
39968.67654902825,0,"(837, 224)",rorukbhtktwszfsvhnesbebjpzajrvdy,73419,0,"(285, 875)",839,
39992.18962574593,0,"(837, 224)",rorukbhtktwszfsvhnesbebjpzajrvdy,66752,2,"(309, 513)",779,
40168.623868657,0,"(837, 224)",rorukbhtktwszfsvhnesbebjpzajrvdy,84988,3,"(17, 351)",1240,
40260.93182605287,0,"(837, 224)",rorukbhtktwszfsvhnesbebjpzajrvdy,74051,4,"(74, 92)",2081,
40289.131975355085,0,"(837, 224)",rorukbhtktwszfsvhnesbebjpzajrvdy,75591,1,"(600, 797)",843,
40307.28655039125,0,"(837, 224)",rorukbhtktwszfsvhnesbebjpzajrvdy,73793,5,"(906, 695)",796,
40310.34208437179,0,"(837, 224)",rorukbhtktwszfsvhnesbebjpzajrvdy,66752,2,"(309, 513)",779,
40310.437214644226,0,"(837, 224)",rorukbhtktwszfsvhnesbebjpzajrvdy,73419,0,"(285, 875)",839,
40457.791734591876,0,"(837, 224)",rorukbhtktwszfsvhnesbebjpzajrvdy,84988,3,"(17, 351)",1240,
40656.73597520641,0,"(837, 224)",rorukbhtktwszfsvhnesbebjpzajrvdy,73419,0,"(285, 875)",839,
40669.39627171652,0,"(837, 224)",rorukbhtktwszfsvhnesbebjpzajrvdy,66752,2,"(309, 513)",779,
40713.52108212657,0,"(837, 224)",rorukbhtktwszfsvhnesbebjpzajrvdy,75205,6,"(546, 24)",750,
40786.92961177713,0,"(837, 224)",rorukbhtktwszfsvhnesbebjpzajrvdy,84988,3,"(17, 351)",1240,
40871.47542705567,0,"(837, 224)",rorukbhtktwszfsvhnesbebjpzajrvdy,74051,4,"(74, 92)",2081,
40990.29077755513,0,"(837, 224)",rorukbhtktwszfsvhnesbebjpzajrvdy,66752,2,"(309, 513)",779,
41030.25661730366,0,"(837, 224)",rorukbhtktwszfsvhnesbebjpzajrvdy,75591,1,"(600, 797)",843,
41045.00075159158,0,"(837, 224)",rorukbhtktwszfsvhnesbebjpzajrvdy,73419,0,"(285, 875)",839,
41128.087649333014,0,"(837, 224)",rorukbhtktwszfsvhnesbebjpzajrvdy,84988,3,"(17, 351)",1240,
41261.78240556147,0,"(837, 224)",rorukbhtktwszfsvhnesbebjpzajrvdy,66752,2,"(309, 513)",779,
41378.16003267454,0,"(837, 224)",rorukbhtktwszfsvhnesbebjpzajrvdy,73793,5,"(906, 695)",796,
41443.5166775039,0,"(837, 224)",rorukbhtktwszfsvhnesbebjpzajrvdy,73419,0,"(285, 875)",839,
41476.053212217834,0,"(837, 224)",rorukbhtktwszfsvhnesbebjpzajrvdy,84988,3,"(17, 351)",1240,
41496.33508684745,0,"(837, 224)",rorukbhtktwszfsvhnesbebjpzajrvdy,74051,4,"(74, 92)",2081,
41546.28086296141,0,"(837, 224)",rorukbhtktwszfsvhnesbebjpzajrvdy,66752,2,"(309, 513)",779,
41679.972280557144,0,"(837, 224)",rorukbhtktwszfsvhnesbebjpzajrvdy,75591,1,"(600, 797)",843,
41710.40946396908,0,"(837, 224)",rorukbhtktwszfsvhnesbebjpzajrvdy,75205,6,"(546, 24)",750,
41804.681291813235,0,"(837, 224)",rorukbhtktwszfsvhnesbebjpzajrvdy,84988,3,"(17, 351)",1240,
41835.729648321816,0,"(837, 224)",rorukbhtktwszfsvhnesbebjpzajrvdy,73419,0,"(285, 875)",839,
41895.78566895026,0,"(837, 224)",rorukbhtktwszfsvhnesbebjpzajrvdy,66752,2,"(309, 513)",779,
42050.743531936605,0,"(837, 224)",rorukbhtktwszfsvhnesbebjpzajrvdy,74051,4,"(74, 92)",2081,
42101.81304465229,0,"(837, 224)",rorukbhtktwszfsvhnesbebjpzajrvdy,84988,3,"(17, 351)",1240,
42166.92806119042,0,"(837, 224)",rorukbhtktwszfsvhnesbebjpzajrvdy,73419,0,"(285, 875)",839,
42211.53086440354,0,"(837, 224)",rorukbhtktwszfsvhnesbebjpzajrvdy,66752,2,"(309, 513)",779,
42256.49718205558,0,"(837, 224)",rorukbhtktwszfsvhnesbebjpzajrvdy,75591,1,"(600, 797)",843,
42387.60688574624,0,"(837, 224)",rorukbhtktwszfsvhnesbebjpzajrvdy,73793,5,"(906, 695)",796,
42449.96472595194,0,"(837, 224)",rorukbhtktwszfsvhnesbebjpzajrvdy,84988,3,"(17, 351)",1240,
42512.58539312558,0,"(837, 224)",rorukbhtktwszfsvhnesbebjpzajrvdy,73419,0,"(285, 875)",839,
42513.508131560215,0,"(837, 224)",rorukbhtktwszfsvhnesbebjpzajrvdy,66752,2,"(309, 513)",779,
42568.06920664688,0,"(837, 224)",rorukbhtktwszfsvhnesbebjpzajrvdy,75205,6,"(546, 24)",750,
42607.791592973765,0,"(837, 224)",rorukbhtktwszfsvhnesbebjpzajrvdy,74051,4,"(74, 92)",2081,
42771.53764478763,0,"(837, 224)",rorukbhtktwszfsvhnesbebjpzajrvdy,66752,2,"(309, 513)",779,
42800.22048606702,0,"(837, 224)",rorukbhtktwszfsvhnesbebjpzajrvdy,84988,3,"(17, 351)",1240,
42938.4830145285,0,"(837, 224)",rorukbhtktwszfsvhnesbebjpzajrvdy,75591,1,"(600, 797)",843,
42941.56374002616,0,"(837, 224)",rorukbhtktwszfsvhnesbebjpzajrvdy,73419,0,"(285, 875)",839,
43080.06374999575,0,"(837, 224)",rorukbhtktwszfsvhnesbebjpzajrvdy,66752,2,"(309, 513)",779,
43177.72606396021,0,"(837, 224)",rorukbhtktwszfsvhnesbebjpzajrvdy,84988,3,"(17, 351)",1240,
43228.22761534797,0,"(837, 224)",rorukbhtktwszfsvhnesbebjpzajrvdy,74051,4,"(74, 92)",2081,
43325.65835242983,0,"(837, 224)",rorukbhtktwszfsvhnesbebjpzajrvdy,73419,0,"(285, 875)",839,
43395.105379012784,0,"(837, 224)",rorukbhtktwszfsvhnesbebjpzajrvdy,75205,6,"(546, 24)",750,
43421.16430196393,0,"(837, 224)",rorukbhtktwszfsvhnesbebjpzajrvdy,66752,2,"(309, 513)",779,
43425.91649635767,0,"(837, 224)",rorukbhtktwszfsvhnesbebjpzajrvdy,73793,5,"(906, 695)",796,
43499.242119038776,0,"(837, 224)",rorukbhtktwszfsvhnesbebjpzajrvdy,84988,3,"(17, 351)",1240,
43692.06251992162,0,"(837, 224)",rorukbhtktwszfsvhnesbebjpzajrvdy,75591,1,"(600, 797)",843,
43726.26286724382,0,"(837, 224)",rorukbhtktwszfsvhnesbebjpzajrvdy,73419,0,"(285, 875)",839,
43752.698516262375,0,"(837, 224)",rorukbhtktwszfsvhnesbebjpzajrvdy,66752,2,"(309, 513)",779,
43758.695374565665,0,"(837, 224)",rorukbhtktwszfsvhnesbebjpzajrvdy,84988,3,"(17, 351)",1240,
43931.05396931823,0,"(837, 224)",rorukbhtktwszfsvhnesbebjpzajrvdy,74051,4,"(74, 92)",2081,
44042.66644461946,0,"(837, 224)",rorukbhtktwszfsvhnesbebjpzajrvdy,66752,2,"(309, 513)",779,
44065.74551034071,0,"(837, 224)",rorukbhtktwszfsvhnesbebjpzajrvdy,73419,0,"(285, 875)",839,
44092.07844731586,0,"(837, 224)",rorukbhtktwszfsvhnesbebjpzajrvdy,75205,6,"(546, 24)",750,
44104.75913043601,0,"(837, 224)",rorukbhtktwszfsvhnesbebjpzajrvdy,84988,3,"(17, 351)",1240,
44272.50022918735,0,"(837, 224)",rorukbhtktwszfsvhnesbebjpzajrvdy,73793,5,"(906, 695)",796,
44285.410472838215,0,"(837, 224)",rorukbhtktwszfsvhnesbebjpzajrvdy,66752,2,"(309, 513)",779,
44420.12621563272,0,"(837, 224)",rorukbhtktwszfsvhnesbebjpzajrvdy,75591,1,"(600, 797)",843,
44449.15182596473,0,"(837, 224)",rorukbhtktwszfsvhnesbebjpzajrvdy,73419,0,"(285, 875)",839,
44463.935320514,0,"(837, 224)",rorukbhtktwszfsvhnesbebjpzajrvdy,84988,3,"(17, 351)",1240,
44543.58310690412,0,"(837, 224)",rorukbhtktwszfsvhnesbebjpzajrvdy,74051,4,"(74, 92)",2081,
44616.41880557774,0,"(837, 224)",rorukbhtktwszfsvhnesbebjpzajrvdy,66752,2,"(309, 513)",779,
44782.532480720496,0,"(837, 224)",rorukbhtktwszfsvhnesbebjpzajrvdy,84988,3,"(17, 351)",1240,
44823.50937556815,0,"(837, 224)",rorukbhtktwszfsvhnesbebjpzajrvdy,73419,0,"(285, 875)",839,
44927.85904620868,0,"(837, 224)",rorukbhtktwszfsvhnesbebjpzajrvdy,66752,2,"(309, 513)",779,
45048.16697150596,0,"(837, 224)",rorukbhtktwszfsvhnesbebjpzajrvdy,75205,6,"(546, 24)",750,
45113.50223126313,0,"(837, 224)",rorukbhtktwszfsvhnesbebjpzajrvdy,75591,1,"(600, 797)",843,
45125.439811604614,0,"(837, 224)",rorukbhtktwszfsvhnesbebjpzajrvdy,84988,3,"(17, 351)",1240,
45155.05804554695,0,"(837, 224)",rorukbhtktwszfsvhnesbebjpzajrvdy,73793,5,"(906, 695)",796,
45197.8959907392,0,"(837, 224)",rorukbhtktwszfsvhnesbebjpzajrvdy,74051,4,"(74, 92)",2081,
45199.09025541643,0,"(837, 224)",rorukbhtktwszfsvhnesbebjpzajrvdy,73419,0,"(285, 875)",839,
45287.04087870131,0,"(837, 224)",rorukbhtktwszfsvhnesbebjpzajrvdy,66752,2,"(309, 513)",779,
45412.334946974726,0,"(837, 224)",rorukbhtktwszfsvhnesbebjpzajrvdy,84988,3,"(17, 351)",1240,
45560.9832607232,0,"(837, 224)",rorukbhtktwszfsvhnesbebjpzajrvdy,73419,0,"(285, 875)",839,
45603.046752346985,0,"(837, 224)",rorukbhtktwszfsvhnesbebjpzajrvdy,66752,2,"(309, 513)",779,
45684.7275714258,0,"(837, 224)",rorukbhtktwszfsvhnesbebjpzajrvdy,75591,1,"(600, 797)",843,
45700.80983610196,0,"(837, 224)",rorukbhtktwszfsvhnesbebjpzajrvdy,84988,3,"(17, 351)",1240,
45755.09083304452,0,"(837, 224)",rorukbhtktwszfsvhnesbebjpzajrvdy,74051,4,"(74, 92)",2081,
45861.997613886415,0,"(837, 224)",rorukbhtktwszfsvhnesbebjpzajrvdy,66752,2,"(309, 513)",779,
45862.38812362999,0,"(837, 224)",rorukbhtktwszfsvhnesbebjpzajrvdy,73419,0,"(285, 875)",839,
46040.289482987966,0,"(837, 224)",rorukbhtktwszfsvhnesbebjpzajrvdy,84988,3,"(17, 351)",1240,
46080.55816689882,0,"(837, 224)",rorukbhtktwszfsvhnesbebjpzajrvdy,75205,6,"(546, 24)",750,
46112.30731072277,0,"(837, 224)",rorukbhtktwszfsvhnesbebjpzajrvdy,73793,5,"(906, 695)",796,
46165.557109034475,0,"(837, 224)",rorukbhtktwszfsvhnesbebjpzajrvdy,66752,2,"(309, 513)",779,
46254.92268329324,0,"(837, 224)",rorukbhtktwszfsvhnesbebjpzajrvdy,73419,0,"(285, 875)",839,
46341.8532391699,0,"(837, 224)",rorukbhtktwszfsvhnesbebjpzajrvdy,75591,1,"(600, 797)",843,
46414.26595768059,0,"(837, 224)",rorukbhtktwszfsvhnesbebjpzajrvdy,74051,4,"(74, 92)",2081,
46417.232492310744,0,"(837, 224)",rorukbhtktwszfsvhnesbebjpzajrvdy,84988,3,"(17, 351)",1240,
46516.604688849475,0,"(837, 224)",rorukbhtktwszfsvhnesbebjpzajrvdy,66752,2,"(309, 513)",779,
46628.18439181812,0,"(837, 224)",rorukbhtktwszfsvhnesbebjpzajrvdy,73419,0,"(285, 875)",839,
46726.08733244574,0,"(837, 224)",rorukbhtktwszfsvhnesbebjpzajrvdy,84988,3,"(17, 351)",1240,
46852.79452158251,0,"(837, 224)",rorukbhtktwszfsvhnesbebjpzajrvdy,66752,2,"(309, 513)",779,
46940.218512131934,0,"(837, 224)",rorukbhtktwszfsvhnesbebjpzajrvdy,75205,6,"(546, 24)",750,
46991.74153800966,0,"(837, 224)",rorukbhtktwszfsvhnesbebjpzajrvdy,84988,3,"(17, 351)",1240,
47070.10359930335,0,"(837, 224)",rorukbhtktwszfsvhnesbebjpzajrvdy,73419,0,"(285, 875)",839,
47086.59297616485,0,"(837, 224)",rorukbhtktwszfsvhnesbebjpzajrvdy,75591,1,"(600, 797)",843,
47126.96640987818,0,"(837, 224)",rorukbhtktwszfsvhnesbebjpzajrvdy,74051,4,"(74, 92)",2081,
47132.23149240688,0,"(837, 224)",rorukbhtktwszfsvhnesbebjpzajrvdy,73793,5,"(906, 695)",796,
47150.22130933261,0,"(837, 224)",rorukbhtktwszfsvhnesbebjpzajrvdy,66752,2,"(309, 513)",779,
47333.29609778628,0,"(837, 224)",rorukbhtktwszfsvhnesbebjpzajrvdy,84988,3,"(17, 351)",1240,
47403.574243703944,0,"(837, 224)",rorukbhtktwszfsvhnesbebjpzajrvdy,66752,2,"(309, 513)",779,
47471.17617756966,0,"(837, 224)",rorukbhtktwszfsvhnesbebjpzajrvdy,73419,0,"(285, 875)",839,
47661.992677350434,0,"(837, 224)",rorukbhtktwszfsvhnesbebjpzajrvdy,84988,3,"(17, 351)",1240,
47704.47719218979,0,"(837, 224)",rorukbhtktwszfsvhnesbebjpzajrvdy,66752,2,"(309, 513)",779,
47805.65668608754,0,"(837, 224)",rorukbhtktwszfsvhnesbebjpzajrvdy,74051,4,"(74, 92)",2081,
47836.33940152297,0,"(837, 224)",rorukbhtktwszfsvhnesbebjpzajrvdy,73419,0,"(285, 875)",839,
47846.08542081842,0,"(837, 224)",rorukbhtktwszfsvhnesbebjpzajrvdy,75591,1,"(600, 797)",843,
47850.223724190524,0,"(837, 224)",rorukbhtktwszfsvhnesbebjpzajrvdy,75205,6,"(546, 24)",750,
48008.95628277385,0,"(837, 224)",rorukbhtktwszfsvhnesbebjpzajrvdy,84988,3,"(17, 351)",1240,
48034.7318960752,0,"(837, 224)",rorukbhtktwszfsvhnesbebjpzajrvdy,66752,2,"(309, 513)",779,
48163.85689960356,0,"(837, 224)",rorukbhtktwszfsvhnesbebjpzajrvdy,73793,5,"(906, 695)",796,
